日時,投稿数,フォロワー数,フォロー数,リスト数
2025/07/01,0,0,0,0
2025/07/02,0,0,0,0
2025/07/03,0,0,0,0
2025/07/04,0,0,0,0
2025/07/05,0,0,0,0
2025/07/06,0,0,0,0
2025/07/07,0,0,0,0
2025/07/08,0,0,0,0
2025/07/09,0,0,0,0
2025/07/10,0,0,0,0
2025/07/11,0,0,0,0
2025/07/12,0,0,0,0
2025/07/13,0,0,0,0
2025/07/14,0,0,0,0
2025/07/15,0,0,0,0
2025/07/16,0,0,0,0
2025/07/17,0,0,0,0
2025/07/18,0,0,0,0
2025/07/19,0,0,0,0
2025/07/20,0,0,0,0
2025/07/21,0,0,0,0
2025/07/22,0,0,0,0
2025/07/23,0,0,0,0
2025/07/24,7,592,7,3
2025/07/25,7,592,7,3
2025/07/26,7,592,7,3
2025/07/27,7,592,7,3
2025/07/28,7,592,7,3
2025/07/29,7,592,7,3
2025/07/30,7,592,7,3
2025/07/31,7,592,7,3
2025/08/01,7,592,7,3
2025/08/02,7,592,7,3
2025/08/03,7,592,7,3
2025/08/04,14,744,7,4
2025/08/05,16,754,7,4
2025/08/06,18,789,7,5
2025/08/07,20,820,7,5
2025/08/08,33,888,8,6
2025/08/09,37,928,8,4
2025/08/10,41,940,8,4
2025/08/11,57,962,8,4
2025/08/12,59,968,8,4
2025/08/13,60,983,8,4
2025/08/14,62,988,8,4
2025/08/15,63,998,8,4
2025/08/16,64,1004,8,4
2025/08/17,66,1016,8,4
2025/08/18,70,1025,8,4
2025/08/19,71,1038,8,4
2025/08/20,72,1156,8,5
2025/08/21,72,1945,8,4
2025/08/22,73,2050,8,4
2025/08/23,73,2171,8,5
2025/08/24,73,2252,8,5
2025/08/25,73,2319,8,5
2025/08/26,75,2493,8,5
2025/08/27,76,2701,8,5
2025/08/28,77,3645,8,7
2025/08/29,78,3980,8,7
2025/08/30,78,4109,8,8
2025/08/31,78,4232,8,8
2025/09/01,78,4261,8,8
2025/09/02,79,4366,8,8
2025/09/03,79,4520,8,9
2025/09/04,79,4788,8,8
2025/09/05,80,4908,8,8
2025/09/06,80,4918,8,8
2025/09/07,80,4931,8,8
2025/09/08,80,4905,8,8
2025/09/09,81,4904,8,8
2025/09/10,82,4904,9,9
2025/09/11,82,4865,9,9
2025/09/12,85,4929,9,9
2025/09/13,85,4894,9,10
2025/09/14,85,4915,9,10
2025/09/15,85,4962,9,10
2025/09/16,87,4970,9,9
2025/09/17,87,4912,9,9
2025/09/18,87,4939,9,9
2025/09/19,88,4896,9,9
2025/09/20,88,4887,9,9
2025/09/21,88,4923,9,9
2025/09/22,89,4875,9,8
2025/09/23,89,4869,9,8
2025/09/24,90,4854,10,9
2025/09/25,91,7694,10,14
2025/09/26,94,8946,10,12
2025/09/27,94,9109,10,14
2025/09/28,94,9290,10,14
2025/09/29,94,9489,10,15
2025/09/30,94,9765,10,15
2025/10/01,94,10285,10,15
2025/10/02,94,10946,10,16
2025/10/03,95,11036,10,16
2025/10/04,95,10991,10,16
2025/10/05,95,11053,10,16
2025/10/06,95,11137,10,16
2025/10/07,95,11028,10,16
2025/10/08,99,10963,11,16
2025/10/09,99,11131,11,16
2025/10/10,100,11037,11,16
2025/10/11,100,11111,11,16
2025/10/12,100,10963,11,16
2025/10/13,100,11025,11,16
2025/10/14,100,10970,11,17
2025/10/15,100,11050,11,17
2025/10/16,100,11017,11,16
2025/10/17,101,10944,11,16
2025/10/18,101,10900,11,16
2025/10/19,101,10809,11,16
2025/10/20,101,10904,11,16
2025/10/21,101,10915,11,16
2025/10/22,101,10875,11,16
2025/10/23,104,10860,11,16
2025/10/24,106,10823,12,17
2025/10/25,107,11124,12,17
2025/10/26,110,11252,12,17
2025/10/27,111,11235,12,17
2025/10/28,112,11234,12,17
2025/10/29,113,11337,12,18
2025/10/30,116,11359,13,18
2025/10/31,117,11441,13,18
2025/11/01,118,11406,13,18
2025/11/02,119,11446,13,18
2025/11/03,119,11395,13,18
2025/11/04,119,11423,13,18
2025/11/05,125,11424,14,18
2025/11/06,127,11280,14,16
2025/11/07,128,11415,15,18
2025/11/08,129,11392,15,18
2025/11/09,129,11371,15,18
2025/11/10,131,11349,15,18
2025/11/11,134,11354,16,18
2025/11/12,134,11296,16,19
2025/11/13,134,11107,16,19
2025/11/14,136,11200,16,19
2025/11/15,137,11199,16,19
2025/11/16,138,11199,16,19
2025/11/17,138,11122,16,19
2025/11/18,139,11116,16,19
2025/11/19,139,11130,16,19
2025/11/20,140,11071,16,19
2025/11/21,142,11085,16,19
2025/11/22,145,11096,16,19
2025/11/23,148,11111,16,19
2025/11/24,148,11116,16,20
2025/11/25,148,11118,16,20
2025/11/26,148,11131,16,20
2025/11/27,148,11050,16,20
2025/11/28,150,11137,16,20
2025/11/29,150,11135,16,20
2025/11/30,150,11134,16,19
2025/12/01,151,11112,16,20
2025/12/02,151,11115,16,20
2025/12/03,151,11098,16,20
2025/12/04,152,11096,16,20
2025/12/05,155,11068,16,20
2025/12/06,157,11084,16,20
2025/12/07,157,11120,16,20
2025/12/08,159,11141,16,20
2025/12/09,161,11111,16,20
2025/12/10,163,11130,16,20
2025/12/11,164,11134,16,20
2025/12/12,165,11252,16,20
2025/12/13,165,11290,16,20
2025/12/14,165,11245,16,20
2025/12/15,165,11253,16,20
2025/12/16,165,11244,16,20
2025/12/17,165,11231,16,20
2025/12/18,166,11241,16,20
2025/12/19,167,11223,16,20
2025/12/20,167,11241,16,20
2025/12/21,167,11239,16,20
2025/12/22,167,11180,16,20
2025/12/23,167,11155,16,19
2025/12/24,167,11173,16,19
2025/12/25,168,11138,16,19
2025/12/26,168,11151,16,19
2025/12/27,169,11128,16,19
2025/12/28,169,11116,16,20
2025/12/29,169,11110,16,20
2025/12/30,170,11105,16,20
2025/12/31,170,11087,16,19
2026/01/01,171,11045,16,19
2026/01/02,171,11047,16,19
2026/01/03,171,11028,16,20
2026/01/04,171,10974,16,20
2026/01/05,171,10990,16,20
2026/01/06,171,10917,16,20
2026/01/07,171,10926,16,20
2026/01/08,173,14078,16,24
2026/01/09,173,15283,16,22
2026/01/10,173,15524,16,22
2026/01/11,173,15697,16,24
2026/01/12,173,15953,16,22
2026/01/13,173,16256,16,21
2026/01/14,173,16668,16,21
2026/01/15,173,17116,16,20
2026/01/16,174,17166,16,21
2026/01/17,174,17240,16,21
2026/01/18,174,17182,16,21
2026/01/19,174,17224,16,22
2026/01/20,174,17166,16,22
2026/01/21,174,17101,16,21
2026/01/22,174,17106,16,21
2026/01/23,175,17122,16,21
2026/01/24,175,17101,16,21
2026/01/25,175,17070,16,21
2026/01/26,175,17063,16,21
2026/01/27,175,17052,16,22
2026/01/28,175,17019,16,22
2026/01/29,175,17055,16,22
2026/01/30,177,17046,16,22
2026/01/31,177,17025,16,22
2026/02/01,177,17020,16,22
2026/02/02,178,16959,16,22
2026/02/03,178,16941,16,23
2026/02/04,179,16975,16,23
2026/02/05,179,16857,16,23
2026/02/06,180,16865,16,23
2026/02/07,180,16904,16,23
2026/02/08,180,16910,16,23
2026/02/09,180,16839,16,23
2026/02/10,180,16773,16,23
2026/02/11,182,16862,16,25
2026/02/12,182,16804,17,25
2026/02/13,183,16810,17,25
2026/02/14,183,16808,17,25
2026/02/15,183,16814,17,25
2026/02/16,183,16794,17,25
2026/02/17,185,16662,17,25
2026/02/18,189,16735,17,23
2026/02/19,192,16771,17,24
2026/02/20,193,16698,17,24
2026/02/21,193,16721,17,24
2026/02/22,193,16687,17,24
2026/02/23,193,16700,17,24
2026/02/24,195,16669,17,24
2026/02/25,197,16662,17,24
2026/02/26,198,16655,17,24
2026/02/27,199,16640,17,24
2026/02/28,199,16576,17,24
2026/03/01,200,16578,17,24
2026/03/02,200,16564,17,24
2026/03/03,202,16563,17,24
2026/03/04,202,16541,17,24
2026/03/05,202,16564,17,24
2026/03/06,203,16510,17,24
2026/03/07,203,16490,17,24
2026/03/08,203,16528,17,23
2026/03/09,203,16459,17,23
2026/03/10,203,16498,17,23
2026/03/11,204,16475,17,23
2026/03/12,204,16313,17,23
2026/03/13,205,16257,17,23
2026/03/14,205,16186,17,23
2026/03/15,205,16158,17,23
2026/03/16,205,16121,17,23
2026/03/17,205,16085,17,23
2026/03/18,205,16072,17,23
2026/03/19,206,16026,17,23
2026/03/20,210,16014,17,23
2026/03/21,212,15989,17,24
2026/03/22,212,15973,17,24
2026/03/23,212,15959,17,24
2026/03/24,212,15911,17,24
2026/03/25,212,15937,17,24
2026/03/26,214,15863,17,24
2026/03/27,215,15846,17,24
2026/03/28,215,15792,17,24
2026/03/29,215,15678,17,24
2026/03/30,215,15665,17,25
2026/03/31,216,15636,17,25
2026/04/01,216,15641,17,25
2026/04/02,218,15607,17,25
2026/04/03,220,15597,17,27
2026/04/04,220,15247,17,27
2026/04/05,220,14805,17,27
2026/04/06,220,14654,17,28
2026/04/07,221,14444,17,27
2026/04/08,222,14061,17,29
2026/04/09,223,13778,17,30
2026/04/10,224,13572,17,29
2026/04/11,224,13326,17,29
2026/04/12,224,13103,17,29
2026/04/13,224,12919,17,29
2026/04/14,225,12907,17,29
2026/04/15,226,12896,17,29
2026/04/16,228,12848,17,29
2026/04/17,228,12849,17,29
2026/04/18,228,12837,17,28
2026/04/19,228,14052,17,29
2026/04/20,229,14284,17,29
2026/04/21,232,14270,17,29
2026/04/22,233,14267,17,29
2026/04/23,233,14263,17,29
2026/04/24,236,14253,17,29
2026/04/25,237,14652,17,29
2026/04/26,237,15316,17,29
2026/04/27,239,15416,17,29
2026/04/28,241,15543,17,29
2026/04/29,242,15789,17,29
2026/04/30,244,15853,17,29
2026/05/01,246,15852,17,29
2026/05/02,246,15856,17,29
2026/05/03,246,15858,17,29
2026/05/04,246,15868,17,29
2026/05/05,246,15876,17,29
2026/05/06,246,15906,17,29
2026/05/07,248,15922,17,29
2026/05/08,248,15918,17,29
2026/05/09,248,15829,17,29
2026/05/10,248,15804,17,29
2026/05/11,249,15793,17,29
2026/05/12,249,15784,17,29
2026/05/13,250,15779,17,29
2026/05/14,250,15764,17,29
2026/05/15,251,15751,17,29
2026/05/16,252,15734,17,29
2026/05/17,253,15725,17,29
2026/05/18,253,15724,17,29
2026/05/19,253,15719,17,29
2026/05/20,254,15722,17,29
2026/05/21,257,15725,17,30
2026/05/22,259,15724,17,30
2026/05/23,260,15714,17,30
2026/05/24,260,15700,17,30
2026/05/25,261,15697,17,30
2026/05/26,266,15698,17,31
2026/05/27,268,15711,17,31
2026/05/28,268,15711,17,31
2026/05/29,268,15710,17,31
2026/05/30,268,15700,17,31
2026/05/31,269,15683,17,31
2026/06/01,269,15679,17,31
2026/06/02,269,15651,17,31
2026/06/03,270,15637,17,31
2026/06/04,271,15622,17,31
2026/06/05,272,17645,17,33
2026/06/06,272,18476,17,35
2026/06/07,272,18736,17,37
2026/06/08,272,18780,17,36
2026/06/09,275,18832,17,36
2026/06/10,275,18941,17,36
